Model,Link,Details,Price,Shipping Price
Rolex Daytona,https://www.chrono24.com/rolex/rolex-daytona-116509-white-gold-blue-dial-unworn-2023--id26214631.htm,116509 White Gold Blue Dial Unworn 2023,48455,500
Rolex Daytona,https://www.chrono24.com/rolex/rolex-new-2023-daytona-18kt-white-gold-blue-dial-116509--id25193721.htm,NEW 2023 Daytona 18KT White Gold BLUE Dial 116509,54500,399
Rolex Daytona,https://www.chrono24.com/rolex/rolex-daytona-white-gold-blue-dial-116509-unworn-2023--id20061434.htm,White Gold Blue Dial 116509 Unworn 2023,48445,500
Rolex Daytona,https://www.chrono24.com/rolex/rolex-2022-unworn-white-gold-116509-cosmograph-daytona-40mm-blue-dial-oyster-bracelet--id12744667.htm,2022+ UNWORN White Gold 116509 Cosmograph Daytona 40mm Blue Dial Oyster Bracelet,52725,250
Rolex Daytona,https://www.chrono24.com/rolex/rolex-daytona--id31717028.htm,116509,47500,250
Rolex Daytona,https://www.chrono24.com/rolex/rolex-white-gold-blue-daytona-2018--id28160001.htm,White Gold Blue Daytona 2018,45200,500
Rolex Daytona,https://www.chrono24.com/rolex/rolex-daytona-18k-white-gold-black-grey-arabic-dial-wred-full-set-tags-green-hologram-sticker--id32157205.htm,18k White Gold Black-Grey Arabic Dial w/Red Full Set Tags Green Hologram Sticker,34500,185
Rolex Daytona,https://www.chrono24.com/rolex/rolex-daytona---116509-white-gold-blue-dial--id29734405.htm,116509 White Gold Blue Dial,48250,150
Rolex Daytona,https://www.chrono24.com/rolex/daytona-116509-oyster-18k-white-gold-blue-index-dial-40-mm--id29812817.htm,116509 Oyster 18K White Gold Blue Index Dial 40 mm,46699,
Rolex Daytona,https://www.chrono24.com/rolex/rolex-rolex-daytona-116509-blue-dial-discontinued-like-new--id21802839.htm,116509 Blue Dial Discontinued LIKE NEW,52437,278
Rolex Daytona,https://www.chrono24.com/rolex/daytona-116509--id29679691.htm,116509,46975,95
Rolex Daytona,https://www.chrono24.com/rolex/rolex-daytona-18kt-white-gold---2022-newunworn--id28928726.htm,18kt White Gold - 2022 New/Unworn,50059,207
Rolex Daytona,https://www.chrono24.com/rolex/rolex-cosmograph-daytona-40mm-white-gold-blue-index-dial-116509--id20316755.htm,Cosmograph Daytona 40mm White Gold Blue Index Dial 116509,47950,
Rolex Daytona,https://www.chrono24.com/rolex/rolex-daytona-white-gold-blue-dial-2023-full-set--id28936984.htm,White Gold Blue Dial 2023 Full Set,50400,500
Rolex Daytona,https://www.chrono24.com/rolex/rolex-daytona-mint-blue-dial-white-gold-box-and-papers--id28356355.htm,Mint Blue Dial White Gold Box and Papers,55920,250
Rolex Daytona,https://www.chrono24.com/rolex/rolex-cosmograph-daytona--id31551541.htm,Cosmograph Daytona,48500,250
Rolex Daytona,https://www.chrono24.com/rolex/rolex-daytona-116509--2007-blau--sehr-gut--full-set--id25702883.htm,116509 | 2007 Blau | Sehr Gut | Full Set,44497,
Rolex Daytona,https://www.chrono24.com/rolex/rolex-daytona-white-gold---blue-dial---2021-rolex-service-card--id23038958.htm,white gold - blue dial - 2021 Rolex service card,64886,71
Rolex Daytona,https://www.chrono24.com/rolex/rolex-daytona-white-gold--id30280081.htm,White Gold,47500,99
Rolex Daytona,https://www.chrono24.com/rolex/daytona-116509--id29878475.htm,116509,47975,95
Rolex Daytona,https://www.chrono24.com/rolex/rolex-rolex-daytona-40mm-white-gold-cosmograph-blue-index-dial-116509--id11794185.htm,40mm White Gold Cosmograph Blue Index Dial (116509),56000,99
Rolex Daytona,https://www.chrono24.com/rolex/daytona--id29947733.htm,116509 blue dial,43781,
Rolex Daytona,https://www.chrono24.com/rolex/rolex-white-gold-blue-daytona-2021--id21898122.htm,White Gold Blue Daytona 2021,48000,500
Rolex Daytona,https://www.chrono24.com/rolex/rolex-daytona-mint-blue-dial-white-gold-box-and-papers--id28344805.htm,Mint Blue Dial White Gold Box and Papers,55920,250
Rolex Daytona,https://www.chrono24.com/rolex/rolex-mint-condition-2017-cosmograph-daytona-white-gold-blue-dial-116509--id30423823.htm,MINT Condition 2017 Cosmograph Daytona White Gold Blue Dial 116509,45995,449
Rolex Daytona,https://www.chrono24.com/rolex/rolex-daytona-chrono-blue-in-whitegold-ref116509-mint--id29839200.htm,Chrono Blue in Whitegold Ref.116509 mint,44525,112
Rolex Daytona,https://www.chrono24.com/rolex/rolex-daytona-40mm-18k-white-gold-blue-dial-116509--id31497493.htm,40mm 18k White Gold Blue Dial 116509,45900,300
Rolex Daytona,https://www.chrono24.com/rolex/daytona-blue-dial-white-gold-chronograph-mens-watch-116509-box-card--id29227707.htm,Blue Dial White Gold Chronograph Mens Watch 116509 Box Card,48470,150
Rolex Daytona,https://www.chrono24.com/rolex/rolex-daytona---blue-dial---2022---116509--id31230441.htm,Blue Dial - 2022 - 116509,50709,110
Rolex Daytona,https://www.chrono24.com/rolex/rolex-daytona--blue-dial--lc-100-aus-2017--like-new---id30518652.htm,• Blue Dial • LC 100 aus 2017 • Like New •,47427,279
Rolex Daytona,https://www.chrono24.com/rolex/rolex-daytona-discontinued-blue-dial-2020--id31729880.htm,DISCONTINUED Blue dial 2020,47263,1950
Rolex Daytona,https://www.chrono24.com/rolex/rolex-daytona-40mm-blue-dial-white-gold-2023--id32251933.htm,40mm Blue Dial White Gold 2023,47973,99
Rolex Daytona,https://www.chrono24.com/rolex/rolex-daytona-116509---d-series---112005--id31261900.htm,116509 - D series - 11/2005,37933,112
Rolex Daytona,https://www.chrono24.com/rolex/--pre-owned-white-gold-daytona-blue-dial-116509--id31671383.htm,Pre-owned White Gold Daytona Blue Dial 116509,53730,199
Rolex Daytona,https://www.chrono24.com/rolex/rolex-rolex-18ct-white-gold-blue-dial-daytona---2021-card---116509--id20860282.htm,18ct White Gold Blue Dial Daytona - 2021 Card - 116509,49279,110
Rolex Daytona,https://www.chrono24.com/rolex/rolex-daytona-116509-blue-dial-full-set-2021-99-new--id31330389.htm,116509 Blue dial ''Full set 2021'' 99% NEW,45747,837
Rolex Daytona,https://www.chrono24.com/rolex/rolex-daytona--id29370044.htm,116509,52204,260
Rolex Daytona,https://www.chrono24.com/rolex/rolex-mint-daytona-white-gold-40mm-blue-dial-116509--id25074936.htm,MINT Daytona White Gold 40mm Blue Dial 116509,49550,250
Rolex Daytona,https://www.chrono24.com/rolex/rolex-daytona-116509-white-gold-blue-dial-2021--id29927404.htm,116509 White Gold Blue Dial 2021,47653,208
Rolex Daytona,https://www.chrono24.com/rolex/rolex-daytona-116509-blue-new-2021--id29398945.htm,116509 Blue New 2021,50105,557
Rolex Daytona,https://www.chrono24.com/rolex/rolex-daytona-116509---2022-ad-service--id30096679.htm,116509 - 2022 AD service,42048,112
Rolex Daytona,https://www.chrono24.com/rolex/rolex-daytona-whitegold-blue-newunworn-2023--full-set-discontinued--id29032754.htm,"Whitegold Blue NEW,UNWORN 2023 Full Set Discontinued",54680,223
Rolex Daytona,https://www.chrono24.com/rolex/rolex-daytona-116509-full-set-2008-sodalite-dial--id23033012.htm,116509 Full Set 2008 ''SODALITE'' DIAL,78114,99
Rolex Daytona,https://www.chrono24.com/rolex/rolex-daytona-white-gold-blue-dial-116509--id13720687.htm,White Gold Blue Dial 116509,48820,99
Rolex Daytona,https://www.chrono24.com/rolex/rolex-rolex-daytona-ref-116509-weissgold-aus-2019--id27380297.htm,Ref. 116509 Weißgold aus 2019,50160,445
Rolex Daytona,https://www.chrono24.com/rolex/--unworn-white-gold-daytona-blue-dial-116509--id31671622.htm,Unworn White Gold Daytona Blue Dial 116509,58620,199
Rolex Daytona,https://www.chrono24.com/rolex/rolex-new-2023-daytona-white-gold-blue-dial-116509-partial-stickers--id29205279.htm,NEW 2023 Daytona White Gold Blue Dial 116509 PARTIAL STICKERS,50995,449
Rolex Daytona,https://www.chrono24.com/rolex/rolex-daytona--id31367554.htm,116509,43493,
Rolex Daytona,https://www.chrono24.com/rolex/cosmograph-daytona-whitegold-2022--id31881703.htm,Cosmograph Daytona whitegold 2022,44637,195
Rolex Daytona,https://www.chrono24.com/rolex/rolex-daytona-116509-blue-dial-full-set--id21862766.htm,116509 Blue dial Full set,40173,88
Rolex Daytona,https://www.chrono24.com/rolex/rolex-rolex-cosmograph-daytona-40mm-116509-white-gold-oyster-blue-dial-unworncomplete2023--id22915509.htm,Cosmograph Daytona 40mm 116509 White Gold Oyster Blue Dial Unworn/Complete/2023,48451,300
Rolex Daytona,https://www.chrono24.com/rolex/rolex-daytona--id28961706.htm,116509,56500,99
Rolex Daytona,https://www.chrono24.com/rolex/--unworn-white-gold-daytona-blue-dial-116509--id32533886.htm,Unworn White Gold Daytona Blue Dial 116509,57620,199
Rolex Daytona,https://www.chrono24.com/rolex/rolex-daytona--id25063505.htm,116509,56750,99
Rolex Daytona,https://www.chrono24.com/rolex/rolex-daytona--id31729717.htm,116509,44208,338
Rolex Daytona,https://www.chrono24.com/rolex/daytona-weissgold-blue-dial-2021-ref-116509-bp--id30284841.htm,Weißgold Blue Dial 2021 Ref. 116509 B+P,53341,211
Rolex Daytona,https://www.chrono24.com/rolex/daytona-116509-white-gold-diamond-index-sodalite-dial-full-set-year-2008--factory-revision-2022-40mm--id26722381.htm,116509 White Gold Diamond Index Sodalite Dial Full Set Year 2008 + Factory Revision 2022 40mm,89493,70
Rolex Daytona,https://www.chrono24.com/rolex/rolex-daytona-white-gold-blue-dial-116509-new-2022--id11678359.htm,White Gold Blue Dial 116509 NEW 2022,48500,200
Rolex Daytona,https://www.chrono24.com/rolex/rolex-daytona-blue-dial--id32060793.htm,Blue Dial,47454,110
Rolex Daytona,https://www.chrono24.com/rolex/rolex-daytona--id30424179.htm,116509,52009,
Rolex Daytona,https://www.chrono24.com/rolex/--pre-owned-white-gold-daytona-blue-dial-116509--id31671629.htm,Pre-owned White Gold Daytona Blue Dial 116509,55730,199
Rolex Daytona,https://www.chrono24.com/rolex/rolex-daytona-116509--2023--neu--blue--blau--full-set--id26176155.htm,116509 | 2023 | Neu | Blue | Blau | Full Set,55182,
Rolex Daytona,https://www.chrono24.com/rolex/daytona-sodalite-dial---white-gold---with-box-and-papers---24-months-warranty-116509-2009--id31824723.htm,Sodalite Dial - White Gold - With Box And Papers - 24 Months Warranty 116509 2009,54680,112
Rolex Daytona,https://www.chrono24.com/rolex/rolex-daytona--id31592328.htm,116509,48043,110
Rolex Daytona,https://www.chrono24.com/rolex/rolex-daytona-blue-new-2022-partial-stickers--id23541996.htm,Blue New 2022 Partial Stickers,50216,1674
Rolex Daytona,https://www.chrono24.com/rolex/2022-papers-rolex-daytona-cosmograph-blue-18k-white-gold-watch-116509-bp--id32594762.htm,2022 PAPERS Rolex Daytona Cosmograph Blue 18K White Gold Watch 116509 B+P,45993,499
Rolex Daytona,https://www.chrono24.com/rolex/rolex-daytona-white-gold-blue-dial-116509-unworn-2023--id20061434.htm,White Gold Blue Dial 116509 Unworn 2023,48445,500
Rolex Daytona,https://www.chrono24.com/rolex/rolex-daytona-116509---white-gold---blue-dial--id25938872.htm,116509 - White Gold - Blue Dial,62408,70
Rolex Daytona,https://www.chrono24.com/rolex/daytona-116509-blue-dial-18k-white-gold-mens-watch-box-papers--id31933392.htm,116509 Blue Dial 18K White Gold Mens Watch Box Papers,43999,100
Rolex Daytona,https://www.chrono24.com/rolex/rolex-daytona-cosmograph-white-gold-turquoise-beach-dial-116509-rare-collectors-piece-2016--id26992059.htm,Cosmograph White Gold Turquoise Beach Dial 116509 RARE COLLECTORS PIECE 2016,146888,250
Rolex Daytona,https://www.chrono24.com/rolex/rolex-daytona-white-gold-40mm-blue-dial-perfect-condition--id24888195.htm,White Gold 40MM Blue Dial Perfect condition,45753,391
Rolex Daytona,https://www.chrono24.com/rolex/daytona--id32238367.htm,116509,49409,
Rolex Daytona,https://www.chrono24.com/rolex/daytona--id32002958.htm,116509,49166,
Rolex Daytona,https://www.chrono24.com/rolex/cosmograph-daytona--id29350756.htm,Cosmograph Daytona,48989,144
Rolex Daytona,https://www.chrono24.com/rolex/rolex-daytona--id31355608.htm,116509,40061,133
Rolex Daytona,https://www.chrono24.com/rolex/rolex-cosmograph-daytona-white-gold-blue-dial--id29072013.htm,Cosmograph Daytona White Gold Blue Dial,46932,50
Rolex Daytona,https://www.chrono24.com/rolex/daytona--id30448435.htm,116509,54680,
Rolex Daytona,https://www.chrono24.com/rolex/rolex-2022-white-gold-daytona-blue-dial-unworn-box-and-papers-116509--id23734732.htm,2022 White Gold Daytona Blue Dial Unworn Box And Papers 116509,55260,110
Rolex Daytona,https://www.chrono24.com/rolex/rolex-daytona-sodalite--id31087840.htm,Sodalite,75000,80
Rolex Daytona,https://www.chrono24.com/rolex/rolex-daytona-ref116509-white-gold--id30572449.htm,Ref.116509 White Gold,52448,334
Rolex Daytona,https://www.chrono24.com/rolex/unworn-2022-daytona-116509-blue-dial--id32448486.htm,Unworn 2022 Daytona 116509 Blue Dial,49250,200
Rolex Daytona,https://www.chrono24.com/rolex/rolex-daytona--id25341192.htm,116509,50862,262
Rolex Daytona,https://www.chrono24.com/rolex/rolex-daytona-lc-100--id27662576.htm,LC 100,48989,66
Rolex Daytona,https://www.chrono24.com/rolex/daytona--id29787945.htm,116509,51221,
Rolex Daytona,https://www.chrono24.com/rolex/rolex-daytona-18k-white-gold-blue-bnib-2023--id23463995.htm,18k White Gold Blue BNIB 2023,50870,114
Rolex Daytona,https://www.chrono24.com/rolex/rolex-daytona-white-gold-blue-dial-116509-unworn-2023--id25126252.htm,White Gold Blue Dial 116509 (Unworn 2023),54674,110
Rolex Daytona,https://www.chrono24.com/rolex/rolex-2022-unworn-white-gold-116509-cosmograph-daytona-40mm-blue-dial-oyster-bracelet--id12744667.htm,2022+ UNWORN White Gold 116509 Cosmograph Daytona 40mm Blue Dial Oyster Bracelet,52725,250
Rolex Daytona,https://www.chrono24.com/rolex/rolex-rolex-116509-cosmograph-daytona-white-gold-blue-dial-40mm--id19703395.htm,116509 Cosmograph Daytona White Gold Blue Dial 40mm,52388,200
Rolex Daytona,https://www.chrono24.com/rolex/rolex-oyster-daytona-cosmograph-white-gold-blue-dial-40-mm--unworn-2023--id23132175.htm,Oyster Daytona Cosmograph White Gold Blue Dial 40 mm UNWORN 2023,72535,670
Rolex Daytona,https://www.chrono24.com/rolex/daytona-116509--z65xxxx-white-gold-sodalite-dial-full-set-2007-rolex-service-2022-40mm--id29723166.htm,116509 / Z65xxxx White Gold Sodalite Dial Full Set 2007 Rolex Service 2022 40mm,54023,70
Rolex Daytona,https://www.chrono24.com/rolex/rolex-daytona-sodalite-diamond-dial-white-gold--id27336623.htm,Sodalite Diamond Dial White Gold,58990,99
Rolex Daytona,https://www.chrono24.com/rolex/--116509----id31929414.htm,ロレックス デイトナ 116509 ブルー 付属品完品,44174,208
Rolex Daytona,https://www.chrono24.com/rolex/rolex-daytona--id12988089.htm,116509,54625,200
Rolex Daytona,https://www.chrono24.com/rolex/rolex-rolex-cosmograph-daytona-wh-18k-ref116509-full-set-2020--id27916783.htm,Cosmograph Daytona Wh 18k Ref.116509 Full Set 2020,63934,128
Rolex Daytona,https://www.chrono24.com/rolex/daytona--id31783644.htm,116509,55684,
Rolex Daytona,https://www.chrono24.com/rolex/rolex-daytona--id31907883.htm,116509,42175,
Rolex Daytona,https://www.chrono24.com/rolex/rolex-daytona-white-gold-blue-dial-with-boxpapers-unworn-from--2023--id25083113.htm,white gold blue dial with box/papers unworn from 2023,58809,279
Rolex Daytona,https://www.chrono24.com/rolex/daytona-weissgold-116509---2020--id30841180.htm,Weißgold 116509 - 2020,44626,66
Rolex Daytona,https://www.chrono24.com/rolex/daytona-rare-stone-sodalite-arabic-dial-18k-white-gold-116509---w010069--id27750519.htm,Rare Stone Sodalite Arabic Dial 18K White Gold 116509 - W010069,77948,
Rolex Daytona,https://www.chrono24.com/rolex/rolex-daytona--id15223539.htm,116509,47879,48
Rolex Daytona,https://www.chrono24.com/rolex/daytona--id23624385.htm,116509 anno 2022 mai indossato,66955,
Rolex Daytona,https://www.chrono24.com/rolex/--116509----id31929407.htm,ロレックス デイトナ 116509 ブルー 付属品完品,44853,208
Rolex Daytona,https://www.chrono24.com/rolex/rolex-daytona-116509-blue-tiffany-beach-dial--id24387864.htm,116509 blue Tiffany beach dial.,111592,224
Rolex Daytona,https://www.chrono24.com/rolex/rolex-daytona-full-stickers-2023-new--id30381966.htm,Full Stickers 2023 New,59144,613
Rolex Daytona,https://www.chrono24.com/rolex/rolex-daytona-116509-blue-white-gold--id30144205.htm,116509 Blue White Gold,52798,199
Rolex Daytona,https://www.chrono24.com/rolex/rolex-daytona-116509-blue-dial-discontinued-model-unworn-2023-full-set--id31920170.htm,116509 Blue Dial Discontinued Model Unworn 2023 Full Set,54568,
Rolex Daytona,https://www.chrono24.com/rolex/daytona-weissgold-116509---2017--id32425116.htm,Weißgold 116509 - 2017,41836,66
Rolex Daytona,https://www.chrono24.com/rolex/daytona-weissgold-mit-blauem-zifferblatt-ungetragen-verklebt-sticker-lc-100--id31982553.htm,Weißgold mit blauem Zifferblatt ungetragen verklebt Sticker LC 100,68852,
Rolex Daytona,https://www.chrono24.com/rolex/rolex-daytona-white-gold-blue-neuungetragen-aus-2023--id17489613.htm,White Gold Blue Neu/Ungetragen aus 2023,53553,1004
Rolex Daytona,https://www.chrono24.com/rolex/daytona-blue-dial-white-gold-chronograph-mens-watch-116509--id30713507.htm,Blue Dial White Gold Chronograph Mens Watch 116509,47460,150
Rolex Daytona,https://www.chrono24.com/rolex/--116509----id32103371.htm,ロレックス デイトナ 116509 ブルー 付属品完品,44853,208
Rolex Daytona,https://www.chrono24.com/rolex/rolex-daytona-sodalite--id31989305.htm,Sodalite,63273,110
Rolex Daytona,https://www.chrono24.com/rolex/rolex-daytona--id32224211.htm,116509,49734,260
Rolex Daytona,https://www.chrono24.com/rolex/daytona--40-chrono-white-gold-original-blue--2020--vat-deductible--id30625487.htm,40 Chrono white gold original blue | 2020 | VAT DEDUCTIBLE,41233,195
Rolex Daytona,https://www.chrono24.com/rolex/cosmograph-daytona-116509--id32656653.htm,Cosmograph Daytona 116509,44499,
Rolex Daytona,https://www.chrono24.com/rolex/role-daytona-116509-sodalite-diamond-full-set-mint-condition-2011--id27790798.htm,116509 Sodalite Diamond Full Set Mint Condition 2011,65700,99
Rolex Daytona,https://www.chrono24.com/rolex/cosmograph-daytona-40mm-18ct-white-gold-oyster-sodalite-dial-116509-2007--id29524029.htm,Cosmograph Daytona 40mm 18ct White Gold Oyster Sodalite Dial 116509 2007,64946,110
Rolex Daytona,https://www.chrono24.com/rolex/daytona-116509-white-gold-2019--id31127576.htm,116509 White Gold 2019,46808,130
Rolex Daytona,https://www.chrono24.com/rolex/--116509----id32283106.htm,ロレックス デイトナ 116509 ブルー 付属品完品,44174,208
Rolex Daytona,https://www.chrono24.com/rolex/daytona--id31712785.htm,116509,52500,
Rolex Daytona,https://www.chrono24.com/rolex/rolex-daytona--id31948700.htm,116509,37023,31
Rolex Daytona,https://www.chrono24.com/rolex/daytona--id30163799.htm,116509,44525,
Rolex Daytona,https://www.chrono24.com/rolex/rolex-daytona--id28832678.htm,116509,52984,455
Rolex Daytona,https://www.chrono24.com/rolex/nagoya-rolex--116509---wg----2023--id31674324.htm,[Nagoya] ROLEX ロレックス デイトナ 116509 ランダム ブルー WG 自動巻き メンズ 保証書付き 2023年 中古,46873,415
Rolex Daytona,https://www.chrono24.com/rolex/cosmograph-daytona--id28262545.htm,Cosmograph Daytona,57916,144
Rolex Daytona,https://www.chrono24.com/rolex/rolex-daytona-116509-white-gold-blue-dial-new-full-set--id23736081.htm,116509 white gold blue dial new full set,72535,134
Rolex Daytona,https://www.chrono24.com/rolex/rolex-daytona--id30721118.htm,116509,55238,88
Rolex Daytona,https://www.chrono24.com/rolex/rolex-rolex-116509-daytona-blue-dial-white-gold--id24056687.htm,116509 Daytona Blue Dial White Gold,51250,399
Rolex Daytona,https://www.chrono24.com/rolex/rolex-daytona---2022---new-mostly-stickered---new--id28567922.htm,2022 - NEW MOSTLY STICKERED - NEW,57800,299
Rolex Daytona,https://www.chrono24.com/rolex/cosmograph-daytona-40mm-white-gold-case-blue-dial-white-gold-bracelet-116509-0071-unworn---warranty-2021--id21225640.htm,Cosmograph Daytona 40mm White Gold Case Blue Dial White Gold Bracelet 116509-0071 UNWORN - Warranty: 2021,55740,1395
Rolex Daytona,https://www.chrono24.com/rolex/daytona-white-gold-blue-dial-116509-2023--id32262748.htm,White Gold Blue Dial 116509 (2023),53900,300
Rolex Daytona,https://www.chrono24.com/rolex/daytona-beach-turquoise-fully-stickered-unworn-18k-white-gold-116509---com003395--id29715289.htm,Beach Turquoise Fully Stickered Unworn 18K White Gold 116509 - COM003395,130022,
Rolex Daytona,https://www.chrono24.com/rolex/rolex-daytona-sodalite-white-gold-rare-chronograph-2013--id24486411.htm,Sodalite White Gold Rare Chronograph 2013,65839,173
Rolex Daytona,https://www.chrono24.com/rolex/rolex-cosmograph-daytona-in-white-gold--blue-dial---116509--id26424716.htm,Cosmograph Daytona in White Gold & Blue Dial - 116509,47000,691
Rolex Daytona,https://www.chrono24.com/rolex/rolex-daytona--id31301012.htm,116509,49409,110
Rolex Daytona,https://www.chrono24.com/rolex/rolex-daytona--id31557555.htm,116509,72700,242
Rolex Daytona,https://www.chrono24.com/rolex/rolex-daytona-white-gold-oro-bianco-blue-dial-116509-new-2022--id20058990.htm,White Gold Oro Bianco Blue Dial 116509 NEW 2022,72534,
Rolex Daytona,https://www.chrono24.com/rolex/--116509----id32554654.htm,ロレックス デイトナ 116509 ブルー 付属品完品,44991,208
Rolex Daytona,https://www.chrono24.com/rolex/rolex-daytona---116509--id24787250.htm,116509,62380,2231
Rolex Daytona,https://www.chrono24.com/rolex/daytona-116509-white-gold-blue-dial-2021--id32469572.htm,116509 White Gold Blue Dial (2021),51000,300
Rolex Daytona,https://www.chrono24.com/rolex/daytona--id31212556.htm,116509,53508,558
Rolex Daytona,https://www.chrono24.com/rolex/daytona--id29751925.htm,Daytona 116509 2021 Discontinued,43409,
Rolex Daytona,https://www.chrono24.com/rolex/rolex-daytona---blue-dial-discontinued--id28160038.htm,Blue Dial (Discontinued),57250,99
Rolex Daytona,https://www.chrono24.com/rolex/oyster-perpetual-cosmograph-daytona-18kt-white-gold-116509--id29769229.htm,Oyster Perpetual Cosmograph Daytona 18kt White Gold 116509,53180,110
Rolex Daytona,https://www.chrono24.com/rolex/rolex-daytona--id26983880.htm,116509 blue,56892,105
Rolex Daytona,https://www.chrono24.com/rolex/rolex-daytona--id9778462.htm,116509,48109,64
Rolex Daytona,https://www.chrono24.com/rolex/rolex-daytona--id32102832.htm,116509,49519,138
Rolex Daytona,https://www.chrono24.com/rolex/rolex-daytona--id29424862.htm,116509 blue,59144,335
Rolex Daytona,https://www.chrono24.com/rolex/rolex-daytona-116509-blue-dial--id29598148.htm,116509 Blue Dial,65000,300
Rolex Daytona,https://www.chrono24.com/rolex/rolex-daytona--id30185525.htm,116509,63552,167
Rolex Daytona,https://www.chrono24.com/rolex/--116509--random----id32134828.htm,ロレックス デイトナ 116509 ブルー Random番 中古 メンズ,42395,
Rolex Daytona,https://www.chrono24.com/rolex/rolex-daytona-116509-white-gold-blue-dial--id29001158.htm,116509 WHITE GOLD BLUE DIAL,65281,222
Rolex Daytona,https://www.chrono24.com/rolex/--116509-wg--id32580213.htm,ロレックス コスモグラフデイトナ 116509 WG,43355,
Rolex Daytona,https://www.chrono24.com/rolex/116731-rolex----116509---wg-----id30310460.htm,116731 ROLEX ロレックス コスモグラフデイトナ 116509 ブルーダイヤル ランダム番 WG 自動巻き ギャランティーカード 当店オリジナルボックス,47222,
Rolex Daytona,https://www.chrono24.com/rolex/rolex-daytona-white-gold-blue-dial--id27888713.htm,White Gold Blue Dial,58586,335
Rolex Daytona,https://www.chrono24.com/rolex/daytona--id32384901.htm,116509,52448,
Rolex Daytona,https://www.chrono24.com/rolex/rolex-daytona-116509-blue-dial--id23861166.htm,116509 Blue Dial,64723,278
Rolex Daytona,https://www.chrono24.com/rolex/rolex-daytona-116509-blue--id29434208.htm,116509 Blue,59144,893
Rolex Daytona,https://www.chrono24.com/rolex/--116509--random----id31942871.htm,ロレックス デイトナ 116509 ブルー Random番 中古 メンズ,43025,
Rolex Daytona,https://www.chrono24.com/rolex/--116509-wg--id32473941.htm,ロレックス デイトナ 116509 WG,44643,
Rolex Daytona,https://www.chrono24.com/rolex/rolex-116509---cosmograph-daytona-white-gold--blue--id23528602.htm,116509 - Cosmograph Daytona White Gold / Blue,72919,88
Rolex Daytona,https://www.chrono24.com/rolex/-rolex-116509--id27149653.htm,ロレックス ROLEX デイトナ116509,56360,
Rolex Daytona,https://www.chrono24.com/rolex/rolex-116509---cosmograph-daytona-white-gold--blue--id6617442.htm,116509 - Cosmograph Daytona White Gold / Blue,58792,97
Rolex Daytona,https://www.chrono24.com/rolex/rolex-daytona-blue--id24367733.htm,Blue,58586,893
Rolex Daytona,https://www.chrono24.com/rolex/--116509--random----id32066787.htm,ロレックス デイトナ 116509 ブルー Random番 中古 メンズ,41765,
Rolex Daytona,https://www.chrono24.com/rolex/daytona-116509bl--id31831555.htm,116509BL,86249,148
Rolex Daytona,https://www.chrono24.com/rolex/rolex-daytona-white-gold-blue-dial-40mm--id22810868.htm,White Gold Blue Dial 40mm,57066,195
Rolex Daytona,https://www.chrono24.com/rolex/daytona-white-gold---bracelet-116509-bli--id8895199.htm,White Gold - Bracelet 116509 BLI,55995,125
Rolex Daytona,https://www.chrono24.com/rolex/-rolex-116509--id23870649.htm,ロレックス ROLEX デイトナ116509,55218,
